customer_id,full_name,country,segment,signup_date,updated_at
C0001,Farid Rəhimov,Georgia,Retail,2023-06-30,2023-10-02T02:51:03Z
C0002,Nihat Abbasova,Türkiye,Retail,2024-12-31,2026-05-17T14:02:18Z
C0003,Nihat Ağayev,Kazakhstan,Corporate,2025-02-16,2026-06-28T00:07:35Z
C0004,Elçin Qasımova,Germany,Retail,2024-07-25,2026-01-05T00:42:29Z
C0005,Nigar Şirinov,azerbaijan,Corporate,2023-05-25,2025-05-26T01:10:00Z
C0006,Nigar Ağayev,UAE,Retail,2023-03-17,2023-11-15T19:01:10Z
C0007,Kamran Kərimova,AZE,Retail,2024-08-17,2025-11-15T06:16:49Z
C0008,Sevinc Bağırov,azerbaijan,Retail,2025-01-28,2025-07-14T06:57:51Z
C0009,Vüsal Quliyeva,Türkiye,SME,2025-01-06,2025-07-24T12:56:48Z
C0010,Ləman Nəbiyev,AZE,Retail,2025-04-02,2025-11-03T09:20:49Z
C0011,Ləman Mustafayeva,Türkiye,Retail,2024-08-05,2025-01-19T08:07:14Z
C0012,Murad Zeynalova,Germany,Retail,2024-02-01,2025-12-10T20:06:54Z
C0013,Könül Əliyeva,Türkiye,Retail,2024-01-16,2024-09-22T17:51:27Z
C0014,Ləman Ağayev,Azerbaijan,SME,2023-01-24,2023-09-08T07:53:54Z
C0015,Rəşad Ağayev,Georgia,Retail,2026-06-16,2026-07-01T10:18:22Z
C0016,Nihat Mahmudova,Azerbaijan,SME,2026-03-12,2026-06-30T01:08:25Z
C0017,Aytən Şirinov,Azerbaijan,Corporate,2026-02-06,2026-06-21T16:34:44Z
C0018,Farid Bağırov,AZE,SME,2023-10-28,2026-03-30T05:04:37Z
C0019,Nigar Şirinov,Azerbaijan,Corporate,2025-10-02,2026-07-28T05:31:11Z
C0020,Əli Osmanova,Azerbaijan,SME,2024-10-15,2025-03-05T00:25:19Z
C0021,Elvin Mahmudova,Azerbaijan,Retail,2024-09-21,2025-03-13T11:01:37Z
C0022,Cavid Osmanova,Azerbaijan,Retail,2025-06-12,2025-09-25T09:52:33Z
C0023,Emin Abbasova,Georgia,Retail,2026-01-14,2026-06-04T23:50:05Z
C0024,Əli Sultanov,Germany,Retail,2024-11-28,2025-05-22T21:00:15Z
C0025,Farid Mustafayeva,Azerbaijan,SME,2023-02-23,2025-08-26T04:15:46Z
C0026,Farid Zeynalova,Germany,Retail,2026-06-19,2026-07-04T07:03:13Z
C0027,Kamran Sultanov,Azerbaijan,Retail,2023-03-30,2025-05-06T11:56:55Z
C0028,Nihat Sultanov,Kazakhstan,Retail,2025-08-22,2025-08-27T20:19:19Z
C0029,Emin İbrahimov,Azerbaijan,Retail,2025-04-17,2025-06-24T06:07:15Z
C0030,Rəşad Bağırov,Azerbaijan,Corporate,2026-07-01,2026-07-21T11:04:13Z
C0031,Xatirə Osmanova,Turkiye,Retail,2024-01-10,2026-07-17T03:03:31Z
C0032,Tural Mahmudova,azerbaijan,Corporate,2023-04-18,2026-07-03T06:32:54Z
C0033,Xatirə Hüseynova,Georgia,Retail,2024-02-26,2025-06-04T23:24:06Z
C0034,Rüfət Sultanov,Germany,Corporate,2023-01-26,2023-11-04T11:25:31Z
C0035,Fidan Cəfərov,Azerbaijan,Retail,2023-01-12,2025-10-17T23:15:44Z
C0036,Şəbnəm Hüseynova,Azerbaijan,Retail,2023-05-21,2024-02-03T07:47:49Z
C0037,Tural Musayev,Azerbaijan,Retail,2025-02-23,2025-06-09T19:09:14Z
C0038,Rəşad Səfərova,azerbaijan,Retail,2023-12-12,2024-07-17T06:21:16Z
C0039,Emin Vəliyeva,Georgia,Corporate,2024-01-22,2025-07-17T11:16:16Z
C0040,Sevinc İbrahimov,Azerbaijan,VIP,2023-07-06,2024-07-22T00:41:57Z
C0041,Əli İsmayılov,Azerbaijan,Retail,2025-04-02,2026-06-23T13:48:27Z
C0042,Anar Osmanova,UAE,SME,2023-09-26,2025-02-19T04:06:38Z
C0043,Şəbnəm Mahmudova,azerbaijan,Retail,2024-08-05,2024-08-23T16:51:45Z
C0044,Könül Musayev,Georgia,Retail,2024-07-18,2025-03-09T14:39:23Z
C0045,Emin Mahmudova,Azerbaijan,Retail,2024-02-24,2024-05-25T01:15:02Z
C0046,Əli Zeynalova,Azerbaijan,Retail,2023-10-15,2025-11-08T20:36:42Z
C0047,Türkan Nəbiyev,Germany,SME,2025-02-21,2026-02-25T13:34:04Z
C0048,Aytən Şirinov,Germany,SME,2025-12-08,2026-07-10T18:32:29Z
C0049,Vüsal Bağırov,Georgia,Retail,2023-12-28,2025-06-23T15:17:24Z
C0050,Murad Zeynalova,AZE,Retail,2025-01-08,2025-06-25T16:37:17Z
C0051,Nərmin Həsənov,Azerbaijan,Retail,2023-11-15,2025-12-11T06:37:53Z
C0052,Gülnar Qasımova,azerbaijan,SME,2025-03-20,2026-06-24T01:21:07Z
C0053,Vüsal Mustafayeva,Azerbaijan,SME,2024-10-31,2025-11-18T17:12:32Z
C0054,Murad Rəhimov,Georgia,VIP,2025-04-27,2026-01-17T14:59:38Z
C0055,Aysel Kərimova,Azerbaijan,SME,2024-04-27,2026-07-05T17:29:34Z
C0056,Farid Abbasova,UAE,Retail,2025-12-14,2026-07-07T07:06:36Z
C0057,Türkan Quliyeva,Azerbaijan,Corporate,2024-12-02,2025-10-07T10:59:32Z
C0058,Fidan Bağırov,Azerbaijan,Retail,2025-11-17,2026-05-19T03:23:44Z
C0059,Cavid Zeynalova,Azerbaijan,Retail,2024-11-02,2026-04-01T00:59:21Z
C0060,Murad Qasımova,AZE,Corporate,2026-06-24,2026-06-30T04:06:52Z
C0061,Aytən Kərimova,Turkiye,Retail,2024-09-04,2025-02-23T13:04:03Z
C0062,Elvin Həsənov,Germany,Corporate,2024-09-19,2025-09-23T19:52:46Z
C0063,Nihat İbrahimov,AZE,Corporate,2023-07-23,2024-08-26T01:24:50Z
C0064,Anar Həsənov,AZE,VIP,2025-04-12,2026-08-04T05:32:34Z
C0065,Tural İbrahimov,UAE,Retail,2025-12-31,2026-07-17T18:19:36Z
C0066,Vüsal Kərimova,azerbaijan,Retail,2024-04-29,2025-02-10T18:47:31Z
C0067,Nigar Şirinov,Azerbaijan,Retail,2023-01-26,2026-06-01T17:45:13Z
C0068,Murad Həsənov,Türkiye,Corporate,2024-03-29,2024-08-17T10:30:39Z
C0069,Rəşad İsmayılov,Kazakhstan,Retail,2024-12-30,2025-12-24T09:34:41Z
C0070,Vüsal Məmmədov,Azerbaijan,Retail,2025-08-11,2025-09-20T09:36:56Z
C0071,Murad Abbasova,Kazakhstan,Retail,2024-07-23,2025-03-02T14:12:22Z
C0072,Könül Əliyeva,Kazakhstan,Retail,2023-08-02,2023-08-27T20:13:36Z
C0073,Emin Hüseynova,Kazakhstan,Corporate,2023-01-20,2024-01-12T08:39:28Z
C0074,Murad Mustafayeva,Georgia,Retail,2023-06-08,2026-07-17T13:24:57Z
C0075,Gülnar Abbasova,azerbaijan,SME,2023-05-23,2023-12-03T13:38:39Z
C0076,Aynur Həsənov,UAE,Retail,2025-02-16,2025-11-12T00:35:11Z
C0077,Gülnar Ağayev,Azerbaijan,SME,2024-05-17,2024-10-12T08:25:10Z
C0078,Tural Quliyeva,AZE,Retail,2025-10-09,2026-06-09T07:17:08Z
C0079,Könül Quliyeva,Azerbaijan,Retail,2023-07-16,2025-06-02T14:27:12Z
C0080,Türkan Əliyeva,Germany,Retail,2024-09-14,2026-07-13T17:09:04Z
C0081,Türkan Səfərova,azerbaijan,Retail,2024-11-09,2026-01-20T12:51:20Z
C0082,Kamran Əliyeva,AZE,Retail,2026-04-23,2026-06-18T10:47:57Z
C0083,Əli Məmmədov,Georgia,Retail,2024-11-11,2026-02-09T22:38:27Z
C0084,Orxan Musayev,UAE,Retail,2023-08-14,2025-08-08T05:41:10Z
C0085,Elçin Mustafayeva,Azerbaijan,Retail,2023-03-21,2025-12-06T05:43:59Z
C0086,Gülnar Nəbiyev,Azerbaijan,Retail,2024-01-04,2026-01-17T11:18:09Z
C0087,Tural Mustafayeva,Turkiye,Retail,2024-04-26,2025-11-03T04:16:46Z
C0088,Şəbnəm Hüseynova,Türkiye,VIP,2024-02-27,2026-04-30T10:14:51Z
C0089,Aytən Bağırov,Azerbaijan,Retail,2025-02-11,2026-04-24T20:46:24Z
C0090,Murad Səfərova,Germany,VIP,2023-02-08,2025-06-11T08:16:24Z
C0091,Aysel Hüseynova,Azerbaijan,Retail,2023-02-11,2024-11-11T03:12:51Z
C0092,Elvin Səfərova,Azerbaijan,SME,2023-02-02,2024-07-27T17:44:53Z
C0093,Tural Şirinov, Georgia ,Retail,2023-12-14,2025-05-28T14:04:50Z
C0094,Zeynəb Osmanova,Georgia,Retail,2025-07-01,2025-08-10T02:40:54Z
C0095,Fidan İsmayılov,Kazakhstan,SME,2023-11-05,2025-10-10T21:12:05Z
C0096,Könül Mustafayeva,UAE,Corporate,2024-07-17,2026-01-19T11:25:38Z
C0097,Şəbnəm Kərimova,Kazakhstan,SME,2023-05-23,2023-06-26T03:32:04Z
C0098,Lalə Nəbiyev,Turkiye,Corporate,2026-05-16,2026-06-04T07:38:38Z
C0099,Aynur Səfərova,Azerbaijan,Retail,2023-05-04,2024-12-12T18:04:37Z
C0100,Zeynəb Rəhimov,Germany,Retail,2023-12-22,2025-10-07T07:31:23Z
C0101,Ləman Əliyeva,UAE,VIP,2023-10-10,2026-05-02T05:04:06Z
C0102,Farid Sultanov,Türkiye,Retail,2024-09-28,2025-06-17T07:42:52Z
C0103,Vüsal Osmanova,Türkiye,Retail,2026-06-09,2026-08-12T03:59:48Z
C0104,Elvin Mustafayeva,Azerbaijan,Retail,2023-08-22,2026-03-10T09:00:00Z
C0104,Elvin Mustafayeva,Azerbaijan,SME,2023-08-22,2026-06-20T11:00:00Z
C0105,Xatirə Nəbiyev,AZE,Corporate,2025-10-11,2025-12-23T01:23:44Z
C0106,Emin Ağayev,Türkiye,Retail,2023-04-03,2026-01-23T00:53:45Z
C0107,Tural Qasımova,Azerbaijan,SME,2025-06-11,2025-07-26T10:17:25Z
C0108,Murad Qasımova,Türkiye,Corporate,2024-01-15,2024-09-17T17:03:15Z
C0109,Tural Abbasova,Türkiye,SME,2023-09-29,2024-04-18T08:24:22Z
C0110,Ləman İsmayılov,Azerbaijan,SME,2025-07-08,2026-02-19T00:04:25Z
C0111,Emin Nəbiyev,azerbaijan,Retail,2023-03-05,2026-08-07T17:47:21Z
C0112,Nigar Bağırov,Azerbaijan,Retail,2025-01-07,2026-01-10T07:54:55Z
C0113,Emin Bağırov,Türkiye,Retail,2024-08-03,2026-02-28T14:09:41Z
C0114,Şəbnəm Quliyeva,Georgia,Retail,2024-07-20,2025-04-15T08:42:41Z
C0115,Aysel Şirinov,Turkiye,Retail,2025-02-14,2026-03-11T01:39:31Z
C0116,Türkan Quliyeva,TURKEY,Corporate,2026-06-06,2026-07-11T11:20:52Z
C0117,Murad Hüseynova,azerbaijan,Retail,2024-03-09,2024-04-05T13:56:57Z
C0118,Elvin Kərimova,Azerbaijan,SME,2023-11-18,2026-03-10T11:01:54Z
C0119,Nigar Mahmudova,Azerbaijan,Retail,2024-11-18,2026-04-22T09:32:44Z
C0120,Nigar Qasımova, Georgia ,SME,2023-07-30,2026-07-23T16:18:49Z
C0121,Elçin Musayev,Turkiye,Retail,2026-02-20,2026-04-07T16:53:34Z
C0122,Türkan Nəbiyev,Azerbaijan,Retail,2026-05-14,2026-08-03T02:43:19Z
C0123,Gülnar Mahmudova,Azerbaijan,SME,2025-06-27,2025-08-22T03:30:31Z
C0124,Murad Abbasova,UAE,Retail,2025-10-13,2026-01-07T19:00:00Z
C0125,Anar Musayev,Azerbaijan,Retail,2026-08-05,2026-08-13T20:50:50Z
C0126,Farid Zeynalova,Azerbaijan,Corporate,2026-01-22,2026-06-26T20:15:56Z
C0127,Şəbnəm Ağayev, Georgia ,Corporate,2023-09-01,2026-03-06T20:08:44Z
C0128,Könül Abbasova,Germany,SME,2024-08-27,2026-07-17T16:46:00Z
C0129,Orxan Quliyeva,AZE,Retail,2023-04-10,2024-06-19T13:38:32Z
C0130,Türkan Məmmədov,Turkiye,Corporate,2024-02-27,2026-01-04T23:08:12Z
C0131,Farid İbrahimov,Kazakhstan,Retail,2026-04-13,2026-06-12T20:56:21Z
C0132,Anar Bağırov,azerbaijan,VIP,2025-08-31,2026-04-30T06:41:26Z
C0133,Günel Sultanov,Azerbaijan,VIP,2026-02-12,2026-04-19T11:06:58Z
C0134,Əli Zeynalova,Kazakhstan,SME,2025-01-09,2026-05-02T10:01:50Z
C0135,Türkan Əliyeva,AZE,Corporate,2023-07-14,2024-01-17T16:50:31Z
C0136,Tural Səfərova,AZE,Retail,2023-07-06,2025-06-05T05:23:27Z
C0137,Lalə Osmanova,AZE,Retail,2025-11-11,2025-12-29T18:01:11Z
C0138,Nihat Quliyeva,AZE,SME,2023-03-01,2024-02-19T17:48:18Z
C0139,Zeynəb Hüseynova,Azerbaijan,Retail,2023-04-28,2023-10-11T20:11:09Z
C0140,Emin Məmmədov,AZE,Retail,2023-12-19,2025-02-12T05:53:25Z
C0141,Samir Rəhimov,azerbaijan,Corporate,2025-02-25,2026-03-09T18:35:47Z
C0142,Orxan İsmayılov,Azerbaijan,Retail,2026-02-11,2026-06-10T14:26:00Z
C0143,Cavid Quliyeva,Türkiye,Corporate,2023-08-22,2023-08-25T10:12:53Z
C0144,Nihat Şirinov,Azerbaijan,Corporate,2023-08-25,2025-12-14T22:51:44Z
C0145,Şəbnəm Kərimova,Germany,Retail,2023-06-20,2025-11-04T11:42:51Z
C0146,Aynur Qasımova,azerbaijan,Retail,2025-06-08,2025-07-26T15:36:20Z
C0147,Nərmin Osmanova,Türkiye,Retail,2026-07-02,2026-08-03T23:39:40Z
C0148,Könül Əliyeva,Azerbaijan,Retail,2025-01-19,2025-10-22T16:14:30Z
C0149,Emin Mahmudova,Azerbaijan,Corporate,2025-03-10,2025-05-09T18:58:29Z
C0150,Murad Quliyeva, Georgia ,Retail,2023-10-01,2026-01-16T10:08:35Z
C0151,Cavid İsmayılov,Türkiye,Retail,2024-09-01,2025-03-16T14:13:04Z
C0152,Aytən Şirinov,Germany,Retail,2023-01-27,2024-11-25T11:47:36Z
C0153,Farid İbrahimov,Kazakhstan,SME,2023-02-08,2023-12-31T14:44:48Z
C0154,Könül Səfərova,azerbaijan,Retail,2024-12-03,2025-05-20T18:15:01Z
C0155,Orxan Quliyeva,N/A,Retail,2025-03-13,2026-03-14T14:40:30Z
C0156,Aysel Bağırov,azerbaijan,SME,2024-07-05,2025-08-29T23:11:55Z
C0157,Aytən Məmmədov,Turkiye,Retail,2024-09-13,2024-10-08T20:00:09Z
C0158,Anar Səfərova,Azerbaijan,Corporate,2023-01-07,2025-09-26T01:56:18Z
C0159,Gülnar Həsənov,Azerbaijan,Retail,2026-05-25,2026-06-12T06:45:22Z
C0160,Fidan Zeynalova,TURKEY,Retail,2023-02-17,2026-04-09T04:41:44Z
C0161,Könül Bağırov,Georgia,SME,2024-01-16,2026-07-08T00:16:39Z
C0162,Rəşad Əliyeva,TURKEY,Retail,2025-05-24,2025-09-11T01:22:14Z
C0163,Xatirə Osmanova,Azerbaijan,SME,2023-08-20,2024-02-07T00:35:37Z
C0164,Zeynəb Osmanova,TURKEY,Retail,2023-09-10,2024-05-01T18:58:55Z
C0165,Elvin Musayev,UAE,Retail,2024-10-17,2025-04-04T12:41:53Z
C0166,Rəşad Abbasova,Azerbaijan,Retail,2025-02-02,2025-12-22T18:41:37Z
C0167,Cavid Quliyeva,Georgia,Retail,2025-02-16,2025-02-26T00:03:44Z
C0168,Nihat Zeynalova,azerbaijan,Retail,2025-01-27,2026-03-26T16:49:45Z
C0169,Nihat Vəliyeva,UAE,SME,2026-04-10,2026-08-20T11:05:02Z
C0170,Aynur Qasımova,Azerbaijan,Corporate,2024-12-19,2026-05-05T02:21:39Z
C0171,Rəşad Osmanova,Azerbaijan,Retail,2023-05-11,2026-02-02T01:25:10Z
C0172,Tural Nəbiyev,Azerbaijan,SME,2025-07-11,2025-07-14T19:16:31Z
C0173,Zeynəb Zeynalova,Kazakhstan,Retail,2023-12-26,2024-08-25T23:24:09Z
C0174,Rüfət Əliyeva,Georgia,VIP,2025-08-22,2026-01-04T23:16:51Z
C0175,Sevinc Mustafayeva,Kazakhstan,Retail,2024-01-01,2024-02-17T01:44:21Z
C0176,Tural Hüseynova,Georgia,SME,2023-03-10,2024-04-21T20:16:52Z
C0177,Zeynəb Kərimova,Azerbaijan,Retail,2025-12-07,2026-05-19T09:20:43Z
C0178,Vüsal Hüseynova,Azerbaijan,Retail,2024-08-26,2026-06-11T12:02:41Z
C0179,Murad Vəliyeva,Azerbaijan,SME,2024-04-25,2025-08-09T22:35:29Z
C0180,Murad Əliyeva,Azerbaijan,Retail,2024-05-08,2026-08-07T07:52:45Z
C0181,Əli Quliyeva,Azerbaijan,Retail,2025-07-29,2025-12-10T13:02:10Z
C0182,Sevinc Mustafayeva,azerbaijan,Retail,2025-11-21,2026-07-26T04:27:50Z
C0183,Nihat Sultanov,AZE,SME,2024-10-13,2024-10-19T03:52:07Z
C0184,Elvin Qasımova,Azerbaijan,Retail,2025-12-25,2026-04-12T06:53:28Z
C0185,Şəbnəm İsmayılov,azerbaijan,Corporate,2024-02-03,2026-05-15T07:44:03Z
C0186,Lalə Məmmədov,Turkiye,Corporate,2024-05-20,2025-02-06T10:59:28Z
C0187,Türkan Qasımova,UAE,Retail,2026-06-14,2026-07-14T11:25:14Z
C0188,Nigar Musayev,AZE,Corporate,2025-02-25,2026-06-30T04:41:31Z
C0189,Aysel Qasımova,Azerbaijan,Corporate,2026-01-13,2026-07-02T15:25:43Z
C0190,Cavid Zeynalova,azerbaijan,Retail,2024-10-08,2024-10-08T08:14:31Z
C0191,Farid İbrahimov,AZE,Retail,2024-01-16,2024-05-12T15:48:12Z
C0192,Zeynəb Məmmədov,Kazakhstan,Retail,2023-08-11,2025-03-28T13:01:40Z
C0193,Əli Rəhimov,Türkiye,SME,2024-11-02,2025-04-26T05:25:02Z
C0194,Orxan Nəbiyev, Georgia ,SME,2024-09-06,2024-09-13T23:01:14Z
C0195,Nihat İbrahimov,AZE,Corporate,2023-07-14,2023-09-27T04:35:30Z
C0196,Farid İsmayılov,Georgia,Retail,2026-03-13,2026-07-26T01:38:42Z
C0197,Günel Hüseynova,Azerbaijan,Retail,2025-01-26,2025-01-26T15:33:20Z
C0198,Aysel Şirinov,Georgia,Retail,2026-06-01,2026-08-21T16:54:14Z
C0199,Nihat Səfərova,Azerbaijan,Corporate,2024-09-05,2026-08-14T16:33:50Z
C0200,Zeynəb Kərimova, Georgia ,Corporate,2024-11-09,2025-07-12T03:29:32Z
C0201,Aysel Quliyeva,AZE,Retail,2023-08-23,2026-08-02T02:12:54Z
C0202,Elçin Cəfərov,azerbaijan,Retail,2023-10-13,2026-01-23T02:11:26Z
C0203,Günel Qasımova,Germany,Retail,2025-12-26,2026-03-05T03:32:40Z
C0204,Türkan Qasımova,Azerbaijan,SME,2024-12-30,2026-08-21T13:14:22Z
C0205,Anar Cəfərov,Türkiye,Retail,2024-11-27,2025-09-17T22:45:07Z
C0206,Kamran Səfərova,Azerbaijan,VIP,2025-07-30,2026-01-02T21:49:18Z
C0207,Aynur Abbasova,Azerbaijan,SME,2026-01-07,2026-06-09T02:59:39Z
C0208,Elçin Qasımova,Germany,SME,2024-08-10,2025-04-30T08:56:47Z
C0209,Türkan Məmmədov,TURKEY,Retail,2025-01-17,2025-05-20T18:25:50Z
C0210,Nərmin Mahmudova,Georgia,Retail,2026-05-14,2026-05-17T15:20:25Z
C0211,Sevinc Bağırov,Azerbaijan,Retail,2025-08-27,2025-09-01T20:34:16Z
C0212,Kamran Məmmədov,Türkiye,VIP,2023-12-05,2026-05-08T09:08:55Z
C0213,Nigar Mahmudova,AZE,Retail,2025-04-23,2026-03-30T12:18:29Z
C0214,Türkan Vəliyeva,AZE,Retail,2026-07-01,2026-07-07T14:24:18Z
C0215,Nərmin Sultanov,Azerbaijan,Retail,2026-05-31,2026-06-13T06:01:02Z
C0216,Kamran Musayev,Georgia,Corporate,2026-02-25,2026-04-25T14:12:07Z
C0217,Elvin Sultanov,Azerbaijan,Corporate,2027-01-15,2026-04-18T06:04:13Z
C0218,Elçin Osmanova,AZE,Retail,2025-11-24,2026-03-27T12:33:56Z
C0219,Könül Həsənov,AZE,Retail,2023-02-22,2023-03-10T09:16:14Z
C0220,Farid Mustafayeva,Azerbaijan,SME,2025-07-23,2026-05-14T17:50:29Z
C0221,Orxan Sultanov,azerbaijan,Retail,2025-04-04,2025-06-07T17:44:58Z
C0222,Anar Məmmədov,azerbaijan,Retail,2024-03-01,2026-06-19T07:50:22Z
C0223,Anar Osmanova,AZE,SME,2026-02-13,2026-05-19T13:30:39Z
C0224,Lalə Cəfərov,Azerbaijan,VIP,2024-02-06,2025-07-11T13:57:48Z
C0225,Sevinc Kərimova,Kazakhstan,Corporate,2026-01-13,2026-05-26T12:07:27Z
C0226,Əli Ağayev,UAE,Retail,2025-02-06,2026-07-03T04:15:35Z
C0227,Nigar Rəhimov,Germany,SME,2025-12-23,2026-05-02T02:27:05Z
C0228,Sevinc Quliyeva,TURKEY,Retail,2024-02-15,2025-10-18T02:26:07Z
C0229,Aytən Qasımova,Turkiye,Retail,2024-05-31,2026-01-31T10:29:47Z
C0230,Samir Rəhimov,Azerbaijan,Retail,2023-10-18,2023-12-28T23:38:29Z
C0231,Kamran Abbasova,Germany,Retail,2023-12-23,2025-03-31T08:44:31Z
C0232,Cavid Məmmədov,Azerbaijan,Retail,2026-04-02,2026-06-28T07:50:23Z
C0233,Rəşad Nəbiyev,AZE,Retail,2024-12-01,2026-08-09T12:57:01Z
C0234,Xatirə Ağayev,Türkiye,Retail,2023-03-29,2026-08-20T03:56:00Z
C0235,Ləman Hüseynova,azerbaijan,Retail,2024-08-16,2026-07-12T20:35:25Z
C0236,Nihat Mustafayeva,Azerbaijan,SME,2024-09-05,2025-06-08T00:12:31Z
C0237,Ləman Musayev,Azerbaijan,Retail,2023-01-26,2024-12-11T12:23:06Z
C0238,Tural Zeynalova,Azerbaijan,Retail,2023-08-31,2023-10-30T22:01:57Z
C0239,Günel Nəbiyev,Azerbaijan,Retail,2026-08-10,2026-08-19T13:23:58Z
C0240,Aynur Osmanova,Georgia,Retail,2025-08-26,2025-10-14T23:48:17Z
C0241,Orxan Hüseynova,Germany,Retail,2023-01-18,2024-10-11T18:27:50Z
C0242,Murad Əliyeva,Azerbaijan,SME,2026-05-04,2026-06-07T11:28:49Z
C0243,Orxan Qasımova,TURKEY,Retail,2024-01-23,2026-01-04T23:00:37Z
C0244,Elvin İbrahimov,Germany,Retail,2025-02-11,2025-04-06T22:13:53Z
C0245,Zeynəb Mahmudova,azerbaijan,Corporate,2024-01-01,2026-03-04T09:00:48Z
C0246,Emin Hüseynova,AZE,Retail,2025-08-21,2026-01-18T20:52:24Z
C0247,Ləman İsmayılov,Germany,Retail,2024-12-24,2025-12-15T09:16:30Z
C0248,Elçin Rəhimov,Georgia,Retail,2023-08-18,2024-01-09T01:25:37Z
C0249,Xatirə Hüseynova,TURKEY,Corporate,2024-02-12,2024-12-18T12:32:43Z
C0250,Samir Əliyeva,AZE,VIP,2023-01-30,2023-05-22T05:14:11Z
C0251,Şəbnəm Vəliyeva,Germany,Retail,2023-09-04,2025-02-13T00:36:39Z
C0252,Vüsal İbrahimov,Germany,SME,2024-08-14,2026-08-20T13:04:03Z
C0253,Aynur Rəhimov,Azerbaijan,Retail,2025-03-15,2026-03-30T02:28:28Z
C0254,Rəşad Şirinov,azerbaijan,Retail,2023-11-06,2026-07-30T07:03:15Z
C0255,Fidan Musayev,Germany,SME,2023-03-17,2024-10-31T18:18:40Z
C0256,Elçin Əliyeva,Türkiye,SME,2023-08-20,2025-05-28T07:50:53Z
C0257,Vüsal Quliyeva,UAE,Retail,2024-12-15,2025-12-03T07:51:46Z
C0258,Nigar Məmmədov,TURKEY,Retail,2025-01-25,2025-08-20T20:29:27Z
C0259,Samir Osmanova,Azerbaijan,Retail,2024-11-05,2025-01-25T10:06:26Z
C0260,Türkan Həsənov,Germany,Corporate,2025-03-15,2025-05-08T05:07:13Z
C0261,Farid İsmayılov,Kazakhstan,SME,2024-08-27,2025-07-18T00:47:47Z
C0262,Rəşad Mahmudova,Azerbaijan,Retail,2024-07-16,2026-01-11T13:38:26Z
C0263,Aytən Ağayev,Kazakhstan,Retail,2024-03-18,2026-02-21T01:48:56Z
C0264,Türkan Nəbiyev,Germany,Retail,2024-01-05,2026-08-20T08:24:39Z
C0265,Cavid Nəbiyev,Azerbaijan,Corporate,2026-04-26,2026-06-12T13:04:45Z
C0266,Nihat İsmayılov,azerbaijan,SME,2025-11-19,2025-12-27T17:48:07Z
C0267,Xatirə Abbasova,Azerbaijan,Retail,2023-04-28,2025-11-15T18:05:17Z
C0268,Elvin Zeynalova,Azerbaijan,Retail,2024-04-26,2025-07-03T05:04:16Z
C0269,Aytən Quliyeva,Türkiye,Corporate,2025-04-25,2026-06-16T06:04:56Z
C0270,Kamran İsmayılov, Georgia ,Retail,2023-12-06,2024-11-19T01:44:07Z
C0271,Nihat Osmanova,AZE,Retail,2025-12-29,2026-02-10T03:49:59Z
C0272,Türkan İbrahimov,azerbaijan,SME,2024-03-26,2026-08-03T13:08:00Z
C0273,Sevinc Osmanova,Kazakhstan,Corporate,2023-09-11,2024-06-06T00:42:12Z
C0274,Vüsal Ağayev,azerbaijan,Corporate,2023-04-10,2024-08-25T04:11:11Z
C0275,Sevinc Kərimova,UAE,Corporate,2025-11-12,2026-05-07T02:26:43Z
C0276,Aysel Şirinov,Azerbaijan,Retail,2024-04-13,2024-05-07T22:44:32Z
C0277,Nərmin Abbasova,Türkiye,Corporate,2025-10-13,2025-11-23T00:41:08Z
C0278,Kamran Zeynalova,Kazakhstan,Retail,2026-04-21,2026-07-01T09:49:50Z
C0279,Xatirə Mustafayeva,Türkiye,VIP,2024-03-17,2024-10-29T18:00:44Z
C0280,Tural Quliyeva,Azerbaijan,Retail,2023-02-24,2024-08-12T14:13:53Z
C0281,Cavid Rəhimov,Kazakhstan,Retail,2024-02-18,2025-02-03T16:16:50Z
C0282,Türkan Hüseynova,Azerbaijan,SME,2025-01-08,2025-11-01T19:05:20Z
C0283,Murad İsmayılov,Turkiye,Retail,2023-11-03,2025-05-27T06:55:03Z
C0284,Aytən Abbasova,Azerbaijan,SME,2024-01-08,2024-07-11T10:45:53Z
C0285,Aynur Səfərova,Türkiye,Corporate,2025-11-01,2026-04-25T23:03:24Z
C0286,Könül Həsənov,Azerbaijan,VIP,2025-11-16,2025-11-18T20:15:37Z
C0287,Elçin Abbasova,Azerbaijan,Retail,2023-11-06,2026-06-28T19:01:23Z
C0288,Elvin Mustafayeva,N/A,Corporate,2024-04-26,2025-08-25T12:40:51Z
C0289,Aytən Mahmudova,azerbaijan,Retail,2023-01-16,2026-01-11T22:32:01Z
C0290,Anar Mustafayeva,AZE,Retail,2026-03-18,2026-04-21T03:27:24Z
C0291,Emin Qasımova,UAE,Retail,2026-03-06,2026-04-15T23:48:23Z
C0292,Elvin Quliyeva,UAE,Retail,2026-04-20,2026-08-21T05:37:43Z
C0293,Elçin Osmanova,Azerbaijan,Retail,2026-05-04,2026-07-21T22:50:19Z
C0294,Sevinc Quliyeva,Azerbaijan,VIP,2024-09-09,2025-06-23T21:00:32Z
C0295,Kamran Nəbiyev,Azerbaijan,Corporate,2023-11-23,2025-08-21T05:16:50Z
C0296,Nərmin Mustafayeva,TURKEY,Corporate,2024-08-28,2026-06-01T14:43:49Z
C0297,Nigar Şirinov,Azerbaijan,Retail,2026-02-28,2026-06-12T03:21:33Z
C0298,Orxan İbrahimov,Kazakhstan,Corporate,2023-10-27,2026-05-09T10:11:15Z
C0299,Rəşad Cəfərov,TURKEY,Retail,2025-04-29,2026-07-17T12:01:04Z
C0300,Elvin Vəliyeva,Azerbaijan,Retail,2025-09-01,2026-01-19T01:59:41Z
C0301,Orxan Əliyeva,AZE,Retail,2026-01-24,2026-02-16T15:51:03Z
C0302,Ləman Qasımova,AZE,VIP,2026-07-04,2026-08-17T19:50:57Z
C0303,Vüsal Musayev,Germany,SME,2025-10-27,2026-03-07T13:58:59Z
C0304,Lalə Osmanova,Türkiye,Retail,2023-10-09,2025-06-08T22:26:53Z
C0305,Elvin Osmanova,Georgia,Retail,2025-03-07,2026-06-23T14:28:54Z
C0306,Aynur Hüseynova,Germany,Corporate,2024-03-15,2024-09-19T05:03:16Z
C0307,Türkan Hüseynova,AZE,Retail,2025-09-01,2025-10-25T18:01:34Z
C0308,Nihat İsmayılov,Kazakhstan,Retail,2025-08-04,2025-10-01T10:57:09Z
C0309,Tural Ağayev,Azerbaijan,Retail,2025-01-03,2026-05-06T01:48:47Z
C0310,Elvin Qasımova,Germany,Retail,2023-02-25,2025-02-18T05:03:57Z
C0311,Lalə Hüseynova,UAE,Retail,2026-01-29,2026-07-28T08:48:06Z
C0312,Farid Nəbiyev,Germany,Retail,2025-11-12,2026-01-31T06:03:50Z
C0313,Şəbnəm Məmmədov,azerbaijan,Retail,2024-12-11,2025-04-03T02:13:39Z
C0314,Lalə Əliyeva,Turkiye,Retail,2023-05-02,2023-12-24T00:03:20Z
C0315,Tural İsmayılov,Azerbaijan,Retail,2024-01-30,2024-04-19T14:44:27Z
C0316,Günel Rəhimov,Azerbaijan,SME,2024-07-13,2026-01-15T15:48:46Z
C0317,Vüsal Nəbiyev,azerbaijan,SME,2025-09-30,2026-04-04T14:17:58Z
C0318,Nigar Sultanov,Azerbaijan,Retail,2025-04-21,2026-01-21T16:02:58Z
C0319,Könül Qasımova,azerbaijan,Retail,2024-04-25,2026-01-11T00:38:42Z
C0320,Elçin Qasımova,azerbaijan,Retail,2023-11-15,2025-10-06T00:49:53Z
C0321,Aytən Osmanova,Azerbaijan,Retail,2024-04-16,2026-03-11T05:29:31Z
C0322,Xatirə Zeynalova,Azerbaijan,Retail,2023-06-13,2025-04-07T05:46:27Z
C0323,Nərmin İsmayılov,AZE,Retail,2024-10-03,2025-02-02T15:48:28Z
C0324,Könül Mahmudova,Azerbaijan,Retail,2025-04-15,2026-08-14T14:19:25Z
C0325,Samir Osmanova,Georgia,Retail,2026-03-25,2026-07-02T10:47:47Z
C0326,Anar Ağayev,AZE,Retail,2023-07-14,2024-05-08T21:21:02Z
C0327,Xatirə Hüseynova,Azerbaijan,Retail,2024-06-11,2026-08-19T14:33:44Z
C0328,Farid İsmayılov,Azerbaijan,Retail,2026-06-25,2026-08-20T17:17:58Z
C0329,Şəbnəm Cəfərov,TURKEY,Retail,2023-05-06,2025-06-05T08:12:38Z
C0330,Gülnar Cəfərov,Azerbaijan,Retail,2023-08-19,2023-11-01T11:22:47Z
C0331,Fidan Qasımova,Germany,Corporate,2025-04-16,2025-10-28T12:47:56Z
C0332,Samir Qasımova,Azerbaijan,Retail,2026-03-16,2026-05-20T14:50:09Z
C0333,,Azerbaijan,Retail,2023-08-25,2025-03-30T14:39:12Z
C0334,Zeynəb Quliyeva, Georgia ,Retail,2024-08-18,2025-07-31T21:50:08Z
C0335,Farid Zeynalova,Germany,Corporate,2024-10-05,2025-09-24T19:43:55Z
C0336,Farid Səfərova,Azerbaijan,Retail,2024-07-03,2024-11-15T06:29:07Z
C0337,Gülnar Ağayev,AZE,Retail,2023-10-30,2025-09-05T14:44:16Z
C0338,Aynur Səfərova,Georgia,SME,2025-02-03,2025-08-17T04:28:50Z
C0339,Aytən İbrahimov,AZE,SME,2024-05-24,2025-04-01T10:33:32Z
C0340,Aysel Şirinov,Georgia,Retail,2025-04-02,2026-01-11T00:56:11Z
C0341,Sevinc Rəhimov,Azerbaijan,Retail,2025-09-03,2025-09-26T14:30:00Z
C0342,Tural Həsənov,azerbaijan,Retail,2025-03-03,2025-12-31T04:52:38Z
C0343,Nərmin Əliyeva,azerbaijan,SME,2024-08-14,2025-01-09T00:58:39Z
C0344,Murad Cəfərov,azerbaijan,Retail,2023-09-05,2024-05-06T20:49:26Z
C0345,Rüfət Həsənov,AZE,Corporate,2023-06-22,2024-11-05T23:18:01Z
C0346,Zeynəb Həsənov,Türkiye,Corporate,2025-01-06,2026-03-26T04:45:04Z
C0347,Əli Kərimova,Germany,VIP,2023-12-28,2026-05-26T02:37:50Z
C0348,Günel İbrahimov,Georgia,Retail,2025-02-21,2026-03-22T09:12:45Z
C0349,Cavid Məmmədov,AZE,Retail,2024-09-17,2026-06-08T15:58:43Z
C0350,Nərmin Əliyeva,Azerbaijan,Corporate,2025-07-12,2026-03-07T17:18:23Z
C0351,Ləman Mahmudova,azerbaijan,SME,2025-07-05,2026-04-24T16:43:22Z
C0352,Rüfət Qasımova,Germany,SME,2024-07-22,2025-06-22T15:55:05Z
C0353,Nihat İbrahimov,Türkiye,Retail,2025-04-18,2025-12-20T21:16:50Z
C0354,Gülnar Zeynalova,UAE,Retail,2025-04-12,2026-05-18T01:06:59Z
C0355,Aynur Səfərova,Azerbaijan,Retail,2023-01-06,2026-06-25T07:12:14Z
C0356,Xatirə Sultanov,Azerbaijan,SME,2024-02-23,2025-10-30T19:27:35Z
C0357,Emin Səfərova,AZE,VIP,2023-07-04,2025-12-05T04:00:46Z
C0358,Orxan Vəliyeva,azerbaijan,Retail,2024-02-20,2024-11-27T15:06:06Z
C0359,Nihat Mustafayeva,Georgia,Retail,2025-12-08,2026-03-05T07:00:55Z
C0360,Nərmin Şirinov,azerbaijan,SME,2024-10-31,2026-05-18T04:39:34Z
C0361,Şəbnəm Cəfərov,Azerbaijan,SME,2024-02-07,2024-10-18T18:34:50Z
C0362,Kamran Qasımova,Azerbaijan,VIP,2023-05-07,2025-06-18T03:35:56Z
C0363,Nərmin Həsənov,Azerbaijan,Retail,2025-04-26,2026-04-02T06:31:13Z
C0364,Ləman Abbasova,AZE,Retail,2025-01-17,2025-12-12T14:15:10Z
C0365,Fidan İsmayılov,AZE,Retail,2026-03-12,2026-05-05T16:47:34Z
C0366,Ləman İbrahimov,UAE,Retail,2026-03-02,2026-05-01T18:14:15Z
C0367,Cavid Məmmədov,Türkiye,SME,2025-09-21,2026-06-10T18:31:35Z
C0368,Aytən İsmayılov,Germany,SME,2026-04-12,2026-06-29T12:44:06Z
C0369,Rüfət Qasımova,Türkiye,Retail,2023-04-11,2024-04-16T23:00:25Z
C0370,Nigar Zeynalova,AZE,Retail,2023-06-22,2025-03-01T21:43:49Z
C0371,Aytən Səfərova,Kazakhstan,Retail,2024-04-26,2024-05-26T23:28:57Z
C0372,Orxan Mustafayeva,Turkiye,Retail,2023-09-07,2026-07-17T01:42:55Z
C0373,Tural Bağırov, Georgia ,Retail,2026-07-09,2026-08-12T07:03:40Z
C0374,Vüsal Bağırov,Georgia,Retail,2026-04-17,2026-07-31T00:20:02Z
C0375,Murad Mahmudova,Azerbaijan,Retail,2023-11-18,2025-03-11T18:21:09Z
C0376,Rəşad Rəhimov,Germany,SME,2024-02-09,2024-09-19T18:20:43Z
C0377,Orxan Hüseynova, Georgia ,VIP,2025-05-06,2025-09-08T19:44:58Z
C0378,Türkan Musayev,Azerbaijan,SME,2023-02-07,2023-04-25T05:31:06Z
C0379,Anar Musayev,Germany,Retail,2024-05-15,2026-08-03T20:48:04Z
C0380,Fidan Quliyeva,Georgia,Retail,2024-05-06,2026-07-17T08:23:36Z
C0381,Murad Səfərova,Kazakhstan,Retail,2025-09-09,2025-10-05T22:52:22Z
C0382,Zeynəb Həsənov,Azerbaijan,Retail,2024-01-27,2026-03-31T05:44:47Z
C0383,Xatirə Həsənov,Azerbaijan,Corporate,2024-07-12,2025-12-10T22:52:18Z
C0384,Günel Abbasova,Germany,Retail,2024-08-18,2025-10-07T04:47:40Z
C0385,Günel Hüseynova,Azerbaijan,SME,2024-07-01,2026-07-26T13:13:12Z
C0386,Cavid Zeynalova,azerbaijan,Retail,2025-04-04,2025-04-15T11:02:23Z
C0387,Könül Ağayev,Kazakhstan,VIP,2026-04-20,2026-08-07T14:34:36Z
C0388,Xatirə Mahmudova,Germany,VIP,2023-12-25,2025-03-29T22:20:01Z
C0389,Şəbnəm Şirinov,Georgia,SME,2024-01-21,2024-12-15T20:38:25Z
C0390,Samir Bağırov,Türkiye,Corporate,2026-05-14,2026-06-12T04:44:19Z
C0391,Nərmin Kərimova,Kazakhstan,Retail,2026-02-22,2026-08-17T07:27:38Z
C0392,Türkan Abbasova,TURKEY,Retail,2025-05-30,2026-04-06T01:34:15Z
C0393,Murad İsmayılov,Georgia,Retail,2025-10-03,2026-03-05T02:53:53Z
C0394,Lalə Cəfərov,azerbaijan,Retail,2024-03-07,2026-01-28T21:08:13Z
C0395,Aynur Nəbiyev,UAE,Retail,2025-03-05,2025-05-16T10:20:35Z
C0396,Kamran İsmayılov,Georgia,SME,2024-12-17,2026-04-07T17:04:33Z
C0397,Nigar Hüseynova,UAE,SME,2025-12-03,2025-12-20T09:47:04Z
C0398,Orxan Mustafayeva,Azerbaijan,Retail,2024-10-06,2025-11-21T14:40:09Z
C0399,Samir Vəliyeva,Georgia,VIP,2023-07-17,2025-09-07T10:54:48Z
C0400,Aysel Abbasova,Azerbaijan,Retail,2026-07-02,2026-08-07T19:58:13Z
C0401,Orxan Ağayev,Turkiye,Retail,2026-06-15,2026-07-15T03:28:00Z
C0402,Emin Musayev,Germany,SME,2025-11-23,2026-01-30T11:36:41Z
C0403,Türkan Rəhimov,Azerbaijan,Retail,2026-03-29,2026-06-13T16:28:16Z
C0404,Nərmin Qasımova,Türkiye,VIP,2026-04-19,2026-06-20T05:27:09Z
C0405,Kamran Səfərova,Georgia,Retail,2023-06-15,2024-06-18T08:15:39Z
C0406,Elçin Osmanova,Türkiye,SME,2024-05-11,2026-08-21T17:27:34Z
C0407,Emin Musayev,Azerbaijan,Retail,2024-06-20,2026-01-13T19:02:54Z
C0408,Vüsal Qasımova,Azerbaijan,SME,2023-05-06,2024-10-18T12:43:32Z
C0409,Elçin Musayev,UAE,Retail,2024-03-23,2024-12-11T00:59:23Z
C0410,Əli Səfərova,UAE,Retail,2023-06-01,2024-08-25T06:06:14Z
C0411,Lalə Səfərova,AZE,Retail,2026-03-30,2026-05-20T16:45:07Z
C0412,Zeynəb İbrahimov,Azerbaijan,Retail,2024-05-11,2025-12-16T08:36:25Z
C0413,Nigar Rəhimov,Azerbaijan,Corporate,2024-07-13,2025-03-21T15:17:09Z
C0414,Farid Ağayev,Azerbaijan,SME,2023-05-22,2025-06-12T03:59:45Z
C0415,Aynur Osmanova,Türkiye,Retail,2023-11-08,2024-06-07T09:19:03Z
C0416,Rüfət Kərimova,Kazakhstan,SME,2026-07-27,2026-08-17T01:59:17Z
C0417,Vüsal Məmmədov,Azerbaijan,Retail,2023-08-13,2025-03-23T10:19:51Z
C0418,Şəbnəm Qasımova,Türkiye,Retail,2024-05-07,2025-06-27T20:22:46Z
C0419,Emin Rəhimov,Azerbaijan,SME,2025-07-06,2025-09-21T00:02:52Z
C0420,Fidan Qasımova,AZE,Corporate,2025-10-26,2026-03-13T00:41:38Z
C0421,Vüsal İbrahimov,UAE,Retail,2026-07-29,2026-08-16T01:52:33Z
C0422,Aytən Zeynalova,Germany,Retail,2023-02-08,2025-01-10T13:31:53Z
C0423,Samir Abbasova,Azerbaijan,Corporate,2024-04-14,2026-01-29T18:56:59Z
C0424,Könül İsmayılov,Azerbaijan,Corporate,2024-09-09,2025-03-29T13:23:13Z
C0425,Elçin Abbasova,AZE,Retail,2023-01-17,2024-01-24T22:37:42Z
C0426,Nihat İbrahimov,Turkiye,Retail,2026-04-12,2026-05-05T04:07:06Z
C0427,Vüsal İbrahimov,Azerbaijan,Retail,2023-04-19,2025-07-10T05:05:18Z
C0428,Nihat Cəfərov,AZE,SME,2024-12-14,2025-02-15T04:59:11Z
C0429,Tural Həsənov,azerbaijan,SME,2025-10-01,2026-01-09T21:12:53Z
C0430,Türkan Hüseynova,Azerbaijan,Corporate,2025-07-18,2026-02-20T19:58:53Z
C0431,Ləman Ağayev,Kazakhstan,Retail,2026-07-15,2026-08-09T13:24:07Z
C0432,Farid Məmmədov,Azerbaijan,Retail,2025-12-27,2026-07-29T21:27:12Z
C0433,Murad Mustafayeva,Azerbaijan,Corporate,2024-10-31,2026-03-23T03:15:44Z
C0434,Fidan Osmanova,Türkiye,Retail,2023-06-24,2025-10-26T23:27:17Z
C0435,Murad Zeynalova,Germany,SME,2023-05-18,2024-06-16T10:40:01Z
C0436,Türkan Həsənov,AZE,Corporate,2025-07-18,2026-05-16T05:39:33Z
C0437,Türkan Kərimova,Azerbaijan,Retail,2026-04-12,2026-06-13T09:13:01Z
C0438,Anar Cəfərov,azerbaijan,Retail,2023-10-17,2026-03-26T05:49:40Z
C0439,Elçin Hüseynova,azerbaijan,Corporate,2024-11-21,2024-12-01T05:47:40Z
C0440,Könül Cəfərov,Türkiye,Retail,2023-10-19,2024-01-31T11:56:38Z
C0441,Günel Rəhimov,Turkiye,Retail,2024-11-28,2025-12-22T05:47:33Z
C0442,Fidan Sultanov,Azerbaijan,SME,2024-06-17,2026-07-12T12:45:35Z
C0443,Sevinc İbrahimov,azerbaijan,Retail,2024-03-25,2026-03-09T23:02:54Z
C0444,Ləman Musayev,UAE,Corporate,2024-03-22,2024-12-26T12:46:53Z
C0445,Zeynəb Musayev,UAE,SME,2026-08-11,2026-08-12T01:20:07Z
C0446,Emin Bağırov,Georgia,SME,2024-03-24,2025-12-11T18:12:02Z
C0447,Nigar Vəliyeva,AZE,SME,2023-11-13,2024-10-20T17:51:25Z
C0448,Ləman İsmayılov,AZE,Retail,2025-02-20,2026-08-18T17:01:54Z
C0449,Xatirə Sultanov,Georgia,SME,2024-12-01,2026-02-21T16:23:11Z
C0450,Aynur İsmayılov,Azerbaijan,SME,2023-05-08,2025-06-04T05:46:22Z
C0451,Əli Rəhimov,Germany,SME,2024-04-11,2024-09-29T20:00:05Z
C0452,Könül Vəliyeva,Germany,Retail,2024-11-01,2025-01-03T06:48:09Z
C0453,Orxan Mahmudova,Azerbaijan,Retail,2023-01-08,2025-06-27T13:08:09Z
C0454,Elçin Mustafayeva,AZE,Corporate,2023-10-21,2026-05-15T17:08:36Z
C0455,Nihat Mahmudova,Germany,Retail,2023-10-28,2026-06-26T06:57:27Z
C0456,Günel Qasımova, Georgia ,SME,2024-04-19,2025-08-26T23:07:51Z
C0457,Samir Qasımova,Azerbaijan,Retail,2023-11-13,2025-02-06T14:14:08Z
C0458,Elçin İsmayılov,Germany,SME,2025-07-14,2026-05-16T10:58:35Z
C0459,Rüfət İsmayılov,Azerbaijan,Retail,2026-07-17,2026-07-20T00:20:54Z
C0460,Ləman Zeynalova,Azerbaijan,Retail,2025-01-11,2026-01-10T10:59:55Z
C0461,Samir Məmmədov,AZE,SME,2023-04-05,2023-07-13T15:55:03Z
C0462,Elvin Nəbiyev,Azerbaijan,Retail,2023-09-15,2025-04-14T17:03:19Z
C0463,Orxan Sultanov,azerbaijan,Retail,2026-05-22,2026-06-06T02:01:36Z
C0464,Rəşad Cəfərov,Türkiye,SME,2023-08-11,2026-05-07T16:22:22Z
C0465,Rüfət İsmayılov,Türkiye,Retail,2024-04-23,2026-04-27T09:37:59Z
C0466,Günel Həsənov,Türkiye,Retail,2026-05-08,2026-07-03T00:03:22Z
C0467,Şəbnəm Məmmədov,Germany,Retail,2024-08-03,2025-07-11T13:44:21Z
C0468,Cavid İbrahimov,Azerbaijan,Corporate,2025-03-05,2025-06-23T06:06:09Z
C0469,Rüfət Nəbiyev,Azerbaijan,Retail,2023-02-09,2026-06-09T07:22:14Z
C0470,Aysel Rəhimov,Türkiye,Retail,2023-11-03,2026-02-26T21:16:47Z
C0471,Murad Mahmudova,Azerbaijan,SME,2024-05-27,2025-07-10T14:42:02Z
C0472,Ləman Cəfərov,Azerbaijan,SME,2025-07-22,2026-01-18T05:01:07Z
C0473,Elçin Səfərova,Georgia,Retail,2025-10-26,2026-06-01T12:45:56Z
C0474,Könül Ağayev,azerbaijan,SME,2023-01-06,2023-06-25T18:53:26Z
C0475,Aysel Ağayev, Georgia ,Corporate,2023-04-09,2024-02-16T19:27:13Z
C0476,Zeynəb Sultanov,Azerbaijan,Retail,2024-07-14,2025-08-14T11:14:41Z
C0477,Fidan Mahmudova,Azerbaijan,SME,2025-09-22,2026-05-07T20:47:09Z
C0478,Samir Qasımova,Azerbaijan,Retail,2023-04-14,2026-05-14T20:53:31Z
C0479,Aynur Mahmudova,Azerbaijan,SME,2025-09-10,2026-05-16T15:20:56Z
C0480,Xatirə Hüseynova,Azerbaijan,Retail,2026-01-15,2026-02-22T16:44:30Z
C0481,Tural İbrahimov,azerbaijan,Corporate,2024-07-29,2024-11-14T16:18:05Z
C0482,Farid Ağayev,AZE,Retail,2023-04-16,2024-04-28T04:56:15Z
C0483,Zeynəb Ağayev,Azerbaijan,SME,2025-05-26,2026-01-21T14:24:44Z
C0484,Könül Musayev,Azerbaijan,Retail,2023-06-02,2025-10-21T02:46:47Z
C0485,Nigar Vəliyeva,TURKEY,SME,2024-05-06,2024-10-01T12:57:43Z
C0486,Günel Sultanov,Georgia,Retail,2023-01-30,2024-10-26T19:47:29Z
C0487,Orxan Sultanov,Germany,Retail,2025-01-14,2025-11-27T00:51:14Z
C0488,Orxan İsmayılov,azerbaijan,Retail,2024-07-02,2026-08-06T10:00:54Z
C0489,Günel Musayev,Azerbaijan,Corporate,2026-08-12,2026-08-14T05:59:35Z
C0490,Türkan Mustafayeva,UAE,Retail,2023-10-08,2024-08-03T19:58:54Z
C0491,Kamran Kərimova,Turkiye,Corporate,2025-04-16,2026-05-09T11:07:07Z
C0492,Şəbnəm Şirinov,Germany,SME,2025-01-10,2026-02-02T18:51:40Z
C0493,Günel Əliyeva,Azerbaijan,Retail,2023-05-20,2026-02-10T19:45:18Z
C0494,Farid İsmayılov,Azerbaijan,SME,2023-04-16,2026-06-29T15:58:37Z
C0495,Gülnar Bağırov, Georgia ,Retail,2025-12-08,2026-06-28T20:18:15Z
C0496,Rüfət Qasımova,AZE,Retail,2025-05-13,2026-04-18T23:54:25Z
C0497,Samir Quliyeva,Azerbaijan,SME,2024-05-13,2025-01-03T14:12:26Z
C0498,Fidan Mahmudova,Türkiye,SME,2023-12-30,2026-05-28T07:32:22Z
C0499,Samir Bağırov,Azerbaijan,Corporate,2023-12-29,2024-04-10T00:04:28Z
C0500,Elçin Bağırov,Kazakhstan,SME,2026-08-18,2026-08-19T15:39:46Z
C0501,Zeynəb Quliyeva,Georgia,Retail,2024-01-07,2025-07-14T16:10:34Z
C0502,Anar Vəliyeva,Azerbaijan,Corporate,2024-08-27,2026-04-11T05:05:21Z
C0503,Nərmin Rəhimov,Germany,Retail,2023-02-24,2025-07-28T04:59:11Z
C0504,Gülnar Qasımova,TURKEY,Retail,2023-12-25,2026-04-21T20:04:08Z
C0505,Vüsal Mustafayeva,TURKEY,Corporate,2026-04-16,2026-07-19T22:34:02Z
C0506,Orxan Şirinov,Kazakhstan,SME,2024-03-22,2025-11-14T20:42:39Z
C0507,Nigar Vəliyeva, Georgia ,Retail,2023-07-15,2023-07-17T20:07:15Z
C0508,Sevinc Həsənov,Türkiye,SME,2026-08-12,2026-08-16T03:40:25Z
C0509,Rəşad Məmmədov,Azerbaijan,Retail,2024-09-07,2025-05-03T06:04:32Z
C0510,Türkan Zeynalova,Kazakhstan,SME,2025-04-10,2026-01-12T15:40:55Z
C0511,Nihat Musayev,Azerbaijan,Retail,2025-06-10,2025-07-08T06:08:21Z
C0512,Fidan Hüseynova,N/A,Retail,2024-01-31,2026-08-13T10:06:05Z
C0513,Aysel Sultanov,Türkiye,Corporate,2023-04-28,2025-01-05T00:17:18Z
C0514,Orxan Mahmudova,Azerbaijan,Retail,2025-01-27,2026-03-25T13:05:16Z
C0515,Kamran Məmmədov,Azerbaijan,Retail,2025-06-04,2026-07-02T10:22:45Z
C0516,Ləman Cəfərov,Georgia,SME,2023-03-22,2024-04-15T05:59:40Z
C0517,Orxan Abbasova,Georgia,Retail,2024-01-16,2026-02-01T07:23:46Z
C0518,Aynur Əliyeva,AZE,Retail,2024-03-02,2025-10-22T04:16:29Z
C0519,Nigar Kərimova,Azerbaijan,SME,2024-02-29,2026-02-18T04:01:40Z
C0520,Orxan Şirinov,Azerbaijan,SME,2025-05-03,2025-07-05T12:59:22Z
C0521,Aysel İsmayılov,Georgia,Corporate,2024-11-11,2026-01-08T10:14:35Z
C0522,Günel Mustafayeva,Germany,Retail,2024-02-05,2024-03-05T02:05:31Z
C0523,Günel Qasımova,Azerbaijan,Retail,2025-05-07,2025-10-19T15:07:44Z
C0524,Günel Ağayev,Türkiye,Retail,2023-12-21,2025-04-22T14:11:57Z
C0525,Aynur Musayev,AZE,Retail,2025-08-31,2026-04-10T07:41:14Z
C0526,Nigar Mustafayeva,Türkiye,Corporate,2026-05-08,2026-07-26T06:31:56Z
C0527,Lalə Sultanov,Kazakhstan,Corporate,2025-02-05,2025-08-29T21:04:25Z
C0528,Gülnar İsmayılov,Azerbaijan,Retail,2023-06-14,2025-10-08T21:03:57Z
C0529,Sevinc Bağırov,Azerbaijan,SME,2025-02-16,2025-06-27T12:32:10Z
C0530,Gülnar Həsənov,Kazakhstan,SME,2025-04-28,2026-07-27T20:11:55Z
C0531,Günel Abbasova,Azerbaijan,Retail,2025-12-19,2026-02-05T03:36:36Z
C0532,Könül Şirinov,azerbaijan,Retail,2024-03-05,2025-07-04T09:02:33Z
C0533,Rəşad Cəfərov,Kazakhstan,SME,2024-12-08,2025-08-26T00:59:41Z
C0534,Fidan Musayev,Türkiye,SME,2026-05-25,2026-08-09T19:53:42Z
C0535,Tural Əliyeva,TURKEY,SME,2023-09-27,2026-05-02T22:00:49Z
C0536,Elvin Mahmudova,UAE,Retail,2023-10-06,2025-05-01T14:18:12Z
C0537,Rəşad Şirinov,Kazakhstan,Corporate,2025-06-01,2026-05-24T08:38:48Z
C0538,Xatirə Səfərova,Türkiye,Retail,2023-03-24,2024-08-07T04:49:22Z
C0539,Günel Sultanov,Kazakhstan,Corporate,2023-12-19,2025-07-07T04:22:55Z
C0540,Kamran Əliyeva,Azerbaijan,SME,2026-08-03,2026-08-16T10:14:59Z
C0541,Kamran Vəliyeva,Germany,Retail,2026-04-09,2026-05-01T04:13:04Z
C0542,Sevinc Quliyeva,Azerbaijan,SME,2025-09-29,2026-04-18T14:48:27Z
C0543,Fidan Hüseynova,Azerbaijan,Retail,2023-08-17,2023-09-25T05:43:28Z
C0544,Ləman Abbasova,UAE,VIP,2024-02-15,2026-04-11T23:52:32Z
C0545,Elvin Mahmudova,Azerbaijan,Retail,2024-07-01,2026-05-28T14:27:16Z
C0546,Nərmin Əliyeva,Azerbaijan,VIP,2025-02-10,2025-10-28T02:23:06Z
C0547,Aytən Ağayev,azerbaijan,Retail,2026-07-29,2026-08-16T17:36:42Z
C0548,Tural Abbasova,Türkiye,SME,2026-07-31,2026-08-10T00:55:46Z
C0549,Gülnar Sultanov, Georgia ,SME,2024-10-02,2025-08-24T15:56:00Z
C0550,Gülnar Səfərova,Türkiye,Retail,2025-05-30,2025-10-08T13:00:07Z
C0551,Murad Hüseynova,Georgia,Corporate,2025-04-07,2026-03-02T04:20:50Z
C0552,Elçin Ağayev,AZE,Retail,2025-06-12,2025-11-27T23:39:19Z
C0553,Aysel Osmanova, Georgia ,Retail,2025-01-31,2025-11-21T12:03:15Z
C0554,Tural Osmanova,Azerbaijan,Corporate,2023-02-10,2025-08-22T05:06:31Z
C0555,Aysel Qasımova,Azerbaijan,Retail,2023-03-28,2026-03-16T13:45:21Z
C0556,Könül Osmanova,Azerbaijan,SME,2023-02-19,2026-03-25T00:13:25Z
C0557,Lalə Kərimova,Georgia,Corporate,2023-03-15,2026-03-05T08:50:05Z
C0558,Nigar Nəbiyev,Azerbaijan,Retail,2024-11-04,2026-08-14T16:40:58Z
C0559,Xatirə Zeynalova,Türkiye,SME,2024-07-14,2025-10-21T14:11:28Z
C0560,Ləman Kərimova,Azerbaijan,Retail,2023-07-10,2025-03-20T13:46:20Z
C0561,Könül Hüseynova,Germany,Retail,2026-04-11,2026-06-07T20:14:19Z
C0562,Ləman Şirinov,Türkiye,Retail,2026-07-26,2026-07-28T23:34:56Z
C0563,Xatirə İsmayılov,azerbaijan,Retail,2024-12-08,2025-10-03T15:08:21Z
C0564,Nihat Məmmədov,Azerbaijan,Retail,2026-08-03,2026-08-09T14:19:07Z
C0565,Sevinc Zeynalova,Azerbaijan,Retail,2024-07-01,2025-10-10T17:22:40Z
C0566,Türkan Bağırov,Azerbaijan,SME,2025-04-13,2025-08-31T14:43:28Z
C0567,Kamran Nəbiyev,Azerbaijan,SME,2024-07-29,2024-10-02T21:32:26Z
C0568,Nigar Cəfərov,Türkiye,Retail,2024-12-20,2026-05-09T01:23:33Z
C0569,Sevinc Zeynalova,Germany,SME,2023-12-07,2026-07-01T18:12:54Z
C0570,Aytən Nəbiyev,Germany,Corporate,2025-11-12,2025-11-25T23:11:16Z
C0571,Elçin Şirinov,UAE,Retail,2025-03-06,2026-06-19T21:51:35Z
C0572,Orxan Quliyeva,Azerbaijan,Retail,2024-08-03,2024-11-10T02:03:48Z
C0573,Cavid Ağayev,Azerbaijan,Corporate,2026-06-10,2026-08-08T06:32:20Z
C0574,Zeynəb Kərimova,Türkiye,Retail,2025-01-17,2025-04-21T02:58:23Z
C0575,Orxan Qasımova,azerbaijan,SME,2026-02-22,2026-05-28T05:47:01Z
C0576,Lalə Həsənov,Azerbaijan,Retail,2023-05-15,2023-11-07T01:19:40Z
C0577,Gülnar Bağırov,Azerbaijan,Retail,2026-05-15,2026-07-17T11:10:04Z
C0578,Aysel Kərimova,Kazakhstan,Retail,2023-10-16,2026-04-03T18:05:15Z
C0579,Nihat Abbasova,Azerbaijan,Retail,2025-03-20,2026-02-19T20:46:51Z
C0580,Sevinc Məmmədov,Kazakhstan,Retail,2026-02-16,2026-05-05T06:33:00Z
C0581,Emin Vəliyeva,AZE,SME,2025-10-08,2026-05-13T02:28:20Z
C0582,Günel Hüseynova,UAE,Retail,2023-10-15,2024-04-03T05:19:17Z
C0583,Aytən Osmanova,azerbaijan,SME,2026-05-15,2026-06-11T14:14:11Z
C0584,Aytən Qasımova,Azerbaijan,Retail,2023-02-26,2024-05-16T21:12:46Z
C0585,Farid Sultanov,Azerbaijan,Corporate,2025-12-23,2026-07-31T06:53:55Z
C0586,Farid Səfərova,Germany,Retail,2023-11-08,2025-05-17T22:10:46Z
C0587,Farid Quliyeva,Azerbaijan,Corporate,2023-11-05,2024-08-23T09:43:31Z
C0588,Rəşad Mahmudova,Azerbaijan,SME,2026-02-05,2026-07-11T01:24:52Z
C0589,Tural Osmanova,Azerbaijan,Retail,2023-10-20,2024-11-30T07:52:33Z
C0590,Şəbnəm Abbasova,AZE,Retail,2025-03-16,2026-05-02T14:56:42Z
C0591,Murad Bağırov,AZE,Retail,2026-08-16,2026-08-18T03:53:48Z
C0592,Əli Şirinov,azerbaijan,Retail,2023-05-31,2024-03-15T07:46:19Z
C0593,Ləman Kərimova,Kazakhstan,Retail,2024-07-06,2024-10-08T18:50:13Z
C0594,Aytən Şirinov,Azerbaijan,Corporate,2025-09-23,2025-10-10T13:43:03Z
C0595,Cavid Həsənov,Germany,Retail,2025-03-06,2025-06-26T14:21:24Z
C0596,Sevinc Ağayev,Germany,Retail,2026-01-15,2026-05-29T10:59:23Z
C0597,Emin Nəbiyev,Azerbaijan,SME,2026-07-05,2026-07-27T13:42:15Z
C0598,Nihat Qasımova,Azerbaijan,SME,2024-05-26,2025-08-17T12:30:42Z
C0599,Aynur İbrahimov, Georgia ,Corporate,2023-10-23,2026-06-12T18:48:51Z
C0600,Lalə Musayev,Kazakhstan,Retail,2024-02-25,2025-12-03T02:01:59Z
C0601,Lalə Osmanova,Azerbaijan,SME,2026-03-23,2026-04-07T01:31:20Z
C0602,Anar Vəliyeva,Germany,SME,2026-06-06,2026-08-07T11:31:19Z
C0603,Günel Musayev,Azerbaijan,SME,2026-05-25,2026-08-12T07:10:07Z
C0604,Vüsal Şirinov,Azerbaijan,Retail,2024-08-06,2025-08-03T19:05:13Z
C0605,Şəbnəm Hüseynova,Azerbaijan,Retail,2023-06-12,2025-04-12T12:17:43Z
C0606,Aynur Vəliyeva,Azerbaijan,Retail,2025-08-13,2025-08-26T22:47:17Z
C0607,Şəbnəm Nəbiyev,UAE,Retail,2024-04-19,2026-04-01T17:17:31Z
C0608,Vüsal Əliyeva,TURKEY,SME,2026-03-23,2026-07-27T17:45:18Z
C0609,Aytən Həsənov,Azerbaijan,SME,2024-10-14,2025-07-14T08:15:43Z
C0610,Günel Hüseynova,UAE,Retail,2024-10-02,2025-09-16T00:59:19Z
C0611,Rüfət Cəfərov,Azerbaijan,SME,2024-01-05,2026-03-09T19:33:13Z
C0612,Könül Cəfərov,azerbaijan,VIP,2024-05-09,2024-12-14T19:49:04Z
C0613,Emin Sultanov,Azerbaijan,SME,2025-12-19,2026-07-02T20:26:31Z
C0614,Xatirə Rəhimov,azerbaijan,Retail,2023-01-28,2023-07-06T16:23:45Z
C0615,Kamran Quliyeva,Azerbaijan,VIP,2024-09-26,2026-08-17T18:24:05Z
C0616,Zeynəb Cəfərov,Turkiye,Retail,2025-12-22,2026-07-21T03:40:26Z
C0617,Kamran Ağayev,Azerbaijan,Retail,2024-01-06,2025-10-07T06:02:55Z
C0618,Sevinc Şirinov,Azerbaijan,Retail,2025-03-01,2025-07-22T05:01:37Z
C0619,Murad Bağırov,UAE,Retail,2025-10-08,2026-02-02T04:36:47Z
C0620,Günel Zeynalova,Azerbaijan,SME,2024-07-19,2025-12-16T02:37:02Z
C0621,Günel İsmayılov,Türkiye,Retail,2024-03-17,2024-09-03T21:15:56Z
C0622,Rüfət Nəbiyev,Germany,Retail,2024-02-05,2024-07-31T19:41:13Z
C0623,Günel İbrahimov,azerbaijan,SME,2023-03-28,2025-11-05T02:37:15Z
C0624,Əli Məmmədov,Azerbaijan,SME,2023-08-14,2025-06-07T08:06:06Z
C0625,Murad Şirinov,Azerbaijan,SME,2025-10-19,2026-05-10T17:36:22Z
C0626,Nərmin Mahmudova,AZE,Retail,2025-12-20,2026-06-13T07:35:05Z
C0627,Elçin Rəhimov, Georgia ,Retail,2025-08-10,2026-07-25T08:22:07Z
C0628,Nigar Musayev, Georgia ,VIP,2024-02-24,2024-09-04T09:08:09Z
C0629,Sevinc Hüseynova,Azerbaijan,SME,2025-09-11,2026-03-24T09:39:06Z
C0630,Fidan İsmayılov,AZE,SME,2025-06-13,2026-01-26T13:39:38Z
C0631,Elvin Ağayev,AZE,Retail,2024-03-29,2026-08-11T13:00:44Z
C0632,Sevinc Həsənov,Azerbaijan,Retail,2026-02-19,2026-05-31T19:34:42Z
C0633,Aynur Kərimova,Türkiye,SME,2024-09-04,2025-02-11T07:29:13Z
C0634,Günel Qasımova,AZE,SME,2024-02-07,2025-08-24T16:08:42Z
C0635,Türkan Mahmudova,UAE,Retail,2023-05-05,2026-02-20T15:23:40Z
C0636,Nigar İbrahimov,AZE,Retail,2025-04-10,2026-01-07T15:26:03Z
C0637,Zeynəb Səfərova,Kazakhstan,SME,2025-10-12,2025-11-28T08:57:10Z
C0638,Fidan İsmayılov,azerbaijan,Corporate,2025-02-08,2025-04-06T05:50:32Z
C0639,Nərmin Əliyeva,azerbaijan,Retail,2023-08-02,2025-11-30T05:44:13Z
C0640,Samir Zeynalova,azerbaijan,SME,2023-09-18,2025-10-10T09:54:55Z
C0641,Aytən Bağırov, Georgia ,SME,2024-12-03,2025-06-09T01:30:42Z
C0642,Farid Musayev,Azerbaijan,Retail,2025-02-19,2026-06-28T11:39:08Z
C0643,Elvin Rəhimov,Azerbaijan,VIP,2026-03-27,2026-04-21T10:41:50Z
C0644,Vüsal Məmmədov,Azerbaijan,SME,2023-08-16,2023-11-19T01:35:18Z
C0645,Ləman Məmmədov,AZE,Corporate,2026-08-17,2026-08-20T21:15:52Z
C0646,Lalə Ağayev,Azerbaijan,SME,2026-03-04,2026-03-08T22:09:04Z
C0647,Rüfət İbrahimov,azerbaijan,SME,2026-03-20,2026-06-18T21:27:02Z
C0648,Xatirə Qasımova,Azerbaijan,Retail,2024-07-16,2024-09-14T02:54:09Z
C0649,Farid Səfərova,Azerbaijan,Retail,2023-06-03,2025-04-24T19:18:30Z
C0650,Anar Məmmədov,Germany,SME,2024-01-19,2024-02-23T21:31:38Z
C0651,Nigar Mustafayeva,azerbaijan,Retail,2023-08-02,2024-07-10T01:25:57Z
C0652,Elvin Məmmədov,Azerbaijan,SME,2025-02-13,2025-03-11T10:01:45Z
C0653,Emin İsmayılov, Georgia ,SME,2023-04-24,2025-05-25T20:10:52Z
C0654,Könül Cəfərov,AZE,Retail,2025-08-02,2026-07-18T22:58:18Z
C0655,Aysel Səfərova,Georgia,Corporate,2024-04-09,2025-09-18T05:30:10Z
C0656,Əli Məmmədov,Türkiye,Retail,2025-10-03,2026-05-13T01:42:24Z
C0657,Kamran Hüseynova,AZE,Corporate,2026-05-16,2026-07-03T17:30:46Z
C0658,Aytən Qasımova,Azerbaijan,Retail,2026-03-18,2026-08-20T06:23:12Z
C0659,Rəşad Musayev, Georgia ,Retail,2023-05-03,2024-05-18T12:01:36Z
C0660,Fidan Zeynalova,Türkiye,Retail,2026-07-08,2026-07-13T20:17:52Z
C0661,Günel Səfərova,Germany,Retail,2025-03-10,2026-04-29T07:57:59Z
C0662,Cavid Abbasova,Azerbaijan,Retail,2025-01-26,2026-08-08T10:02:21Z
C0663,Gülnar Nəbiyev, Georgia ,VIP,2025-07-30,2025-12-06T06:58:15Z
C0664,Emin Rəhimov,Azerbaijan,Retail,2025-04-13,2026-05-09T01:25:48Z
C0665,Sevinc Həsənov,Azerbaijan,Retail,2026-06-15,2026-08-04T15:43:04Z
C0666,Ləman Məmmədov,Azerbaijan,Retail,2026-03-21,2026-05-09T20:24:14Z
C0667,Sevinc İsmayılov,UAE,SME,2026-05-13,2026-06-06T13:52:50Z
C0668,Zeynəb Məmmədov,Azerbaijan,SME,2024-07-23,2025-10-04T03:05:56Z
C0669,Ləman Abbasova, Georgia ,SME,2023-08-26,2024-05-15T07:57:00Z
C0670,Ləman Əliyeva,Kazakhstan,Corporate,2026-02-03,2026-03-12T17:34:25Z
C0671,Cavid Ağayev,Kazakhstan,Retail,2025-10-19,2026-08-05T17:19:39Z
C0672,Ləman Nəbiyev,Azerbaijan,Corporate,2023-10-10,2024-01-20T00:10:57Z
C0673,Lalə Mustafayeva,Türkiye,Retail,2025-03-25,2026-06-06T10:41:45Z
C0674,Əli Əliyeva,azerbaijan,Retail,2025-08-04,2025-12-21T19:25:06Z
C0675,Nihat Məmmədov,Azerbaijan,SME,2023-10-24,2026-03-27T00:26:52Z
C0676,Sevinc Məmmədov,Türkiye,Retail,2025-04-12,2026-08-05T02:03:15Z
C0677,Nihat Həsənov,Germany,Retail,2025-09-10,2025-09-23T20:33:06Z
C0678,Könül Musayev,TURKEY,Corporate,2025-04-27,2025-08-20T22:38:07Z
C0679,Nihat Vəliyeva,Türkiye,Corporate,2024-08-17,2025-03-16T05:40:58Z
C0680,Aynur Musayev,azerbaijan,SME,2023-05-30,2026-06-06T04:42:53Z
C0681,Nərmin İsmayılov,azerbaijan,SME,2026-06-01,2026-06-11T04:47:10Z
C0682,Türkan Hüseynova,Azerbaijan,Retail,2023-05-21,2025-10-18T22:53:23Z
C0683,Könül İbrahimov,Azerbaijan,Corporate,2025-10-09,2025-10-29T06:11:00Z
C0684,Vüsal Quliyeva,Azerbaijan,Retail,2024-01-04,2024-11-03T17:30:22Z
C0685,Murad Şirinov,Azerbaijan,Retail,2025-11-21,2026-06-07T12:59:52Z
C0686,Farid Musayev,Kazakhstan,SME,2024-05-08,2025-09-16T08:25:35Z
C0687,Sevinc Musayev,Azerbaijan,VIP,2025-03-19,2025-08-21T14:41:51Z
C0688,Günel Kərimova,azerbaijan,Retail,2023-09-26,2025-04-25T11:18:49Z
C0689,Fidan Hüseynova,UAE,Retail,2024-07-05,2025-05-29T07:13:55Z
C0690,Şəbnəm İsmayılov,azerbaijan,Retail,2025-02-14,2025-12-18T20:56:42Z
C0691,Aysel Hüseynova,Türkiye,SME,2023-03-21,2026-04-01T16:02:29Z
C0692,Günel Hüseynova,AZE,Corporate,2023-01-20,2025-05-19T09:01:51Z
C0693,Fidan İsmayılov,AZE,SME,2023-01-13,2026-07-15T18:31:34Z
C0694,Samir Ağayev,Türkiye,SME,2023-01-07,2024-03-15T17:45:24Z
C0695,Nihat Həsənov,Germany,VIP,2023-09-26,2025-11-12T05:14:25Z
C0696,Gülnar Abbasova,TURKEY,Retail,2024-03-01,2024-11-05T11:56:14Z
C0697,Cavid Quliyeva,Türkiye,Corporate,2024-01-27,2025-01-23T02:01:50Z
C0698,Nərmin Quliyeva,Azerbaijan,Retail,2025-01-16,2025-06-27T18:17:08Z
C0699,Anar Qasımova,Turkiye,Retail,2023-01-05,2023-07-12T18:43:21Z
C0700,Rəşad Hüseynova,Azerbaijan,Retail,2025-07-06,2025-11-24T13:51:57Z
C0701,Nigar Bağırov,Georgia,Retail,2025-05-06,2025-06-03T15:12:16Z
C0702,Kamran Quliyeva,Azerbaijan,Retail,2026-07-24,2026-08-21T03:58:07Z
C0703,Lalə Cəfərov,azerbaijan,SME,2023-01-23,2023-11-21T17:43:49Z
C0704,Rüfət Quliyeva,azerbaijan,Retail,2026-01-02,2026-08-20T16:30:09Z
C0705,Aysel İbrahimov,Georgia,Retail,2025-04-15,2025-09-21T06:02:26Z
C0706,Nihat Quliyeva,Türkiye,Corporate,2024-02-10,2024-09-22T20:23:31Z
C0707,Tural İbrahimov,Azerbaijan,Retail,2026-05-06,2026-05-08T02:44:05Z
C0708,Vüsal Quliyeva,Azerbaijan,SME,2023-12-15,2026-08-19T06:40:57Z
C0709,Şəbnəm Sultanov,Kazakhstan,Retail,2024-05-11,2026-05-19T22:10:52Z
C0710,Günel Həsənov,Türkiye,SME,2025-10-20,2025-11-12T08:10:12Z
C0711,Samir İbrahimov,Azerbaijan,Corporate,2025-06-27,2026-02-22T17:20:42Z
C0712,Vüsal Mustafayeva,Turkiye,SME,2023-05-30,2023-07-26T18:11:12Z
C0713,Aytən Həsənov,Türkiye,SME,2026-04-26,2026-07-05T22:52:36Z
C0714,Vüsal Həsənov,UAE,Retail,2025-01-11,2025-09-11T17:48:27Z
C0715,Nihat Mahmudova,AZE,Corporate,2024-05-27,2025-12-22T20:50:11Z
C0716,Aytən Hüseynova,Azerbaijan,Retail,2025-06-15,2026-04-02T09:42:28Z
C0717,Orxan Sultanov,Azerbaijan,Retail,2023-10-30,2025-10-16T06:08:56Z
C0718,Aynur İbrahimov,Azerbaijan,VIP,2023-07-25,2023-08-26T12:45:51Z
C0719,Rüfət Hüseynova,Germany,Retail,2023-04-12,2026-04-25T21:34:53Z
C0720,Elvin Osmanova,UAE,Retail,2023-06-16,2024-01-29T12:15:02Z
C0721,Ləman Qasımova,Azerbaijan,Retail,2025-04-25,2025-05-03T12:24:40Z
C0722,Elvin Mustafayeva,Germany,SME,2024-07-04,2025-09-11T14:23:03Z
C0723,Samir Quliyeva,Azerbaijan,Retail,2026-07-23,2026-08-01T23:07:28Z
C0724,Şəbnəm Səfərova,Azerbaijan,Corporate,2024-08-04,2024-12-23T09:41:32Z
C0725,Xatirə Məmmədov,Turkiye,Retail,2026-04-26,2026-07-05T22:13:13Z
C0726,Nihat Mahmudova,Germany,Retail,2023-10-02,2025-09-30T12:52:25Z
C0727,Anar Vəliyeva,Turkiye,Retail,2023-09-17,2025-01-28T02:08:51Z
C0728,Nərmin Əliyeva,azerbaijan,SME,2025-12-07,2026-05-07T19:06:27Z
C0729,Elçin Abbasova,UAE,Corporate,2025-09-07,2025-12-05T19:14:21Z
C0730,Elvin Zeynalova,Kazakhstan,Corporate,2023-06-23,2025-11-16T12:28:44Z
C0731,Aysel Sultanov,Azerbaijan,SME,2024-07-30,2025-06-09T12:45:51Z
C0732,Tural İsmayılov,azerbaijan,SME,2024-10-02,2025-08-12T18:38:43Z
C0733,Tural Nəbiyev,Azerbaijan,Retail,2023-02-13,2026-02-27T21:49:14Z
C0734,Murad Zeynalova,Kazakhstan,SME,2024-06-09,2024-08-20T20:05:57Z
C0735,Xatirə Kərimova,AZE,Retail,2023-12-23,2026-03-22T18:02:54Z
C0736,Nərmin Əliyeva,AZE,Retail,2026-05-06,2026-07-01T07:29:49Z
C0737,Könül Məmmədov,TURKEY,Retail,2023-12-02,2026-08-21T07:33:37Z
C0738,Emin Hüseynova,Germany,Retail,2025-06-18,2025-09-07T02:55:00Z
C0739,Rüfət İsmayılov,azerbaijan,SME,2024-08-14,2026-06-06T00:59:04Z
C0740,Gülnar Musayev,TURKEY,SME,2024-07-10,2025-08-23T04:14:30Z
C0741,Elvin İsmayılov,Azerbaijan,VIP,2025-04-04,2025-05-26T03:41:40Z
C0742,Əli Qasımova,Azerbaijan,SME,2026-04-26,2026-06-18T10:16:28Z
C0743,Könül Quliyeva,Türkiye,Retail,2025-01-06,2026-02-21T04:30:23Z
C0744,Elvin Quliyeva,azerbaijan,Retail,2023-03-02,2024-06-06T23:02:05Z
C0745,Orxan Şirinov,Turkiye,Retail,2023-06-10,2024-04-07T06:23:38Z
C0746,Anar Kərimova,Azerbaijan,SME,2025-07-30,2025-12-09T00:10:02Z
C0747,Nihat Kərimova,AZE,SME,2023-02-03,2025-02-23T07:36:13Z
C0748,Samir Şirinov,Türkiye,SME,2024-07-09,2025-09-03T00:55:58Z
C0749,Könül Qasımova,TURKEY,SME,2024-03-29,2026-04-09T17:22:21Z
C0750,Könül Əliyeva,Germany,SME,2024-06-24,2026-03-22T11:09:37Z
C0751,Nihat Bağırov,TURKEY,Corporate,2024-04-17,2024-12-21T11:34:05Z
C0752,Rəşad Əliyeva,Georgia,VIP,2023-05-19,2025-07-16T11:04:26Z
C0753,Tural Səfərova,Azerbaijan,Retail,2025-12-12,2026-02-25T01:22:47Z
C0754,Şəbnəm Kərimova,Azerbaijan,SME,2025-04-24,2026-05-18T17:14:41Z
C0755,Elçin Rəhimov,Azerbaijan,SME,2024-09-19,2025-03-11T09:58:30Z
C0756,Rəşad Səfərova,Azerbaijan,Retail,2024-09-15,2026-05-17T11:58:45Z
C0757,Şəbnəm İbrahimov,AZE,SME,2025-10-06,2026-08-06T02:25:47Z
C0758,Orxan Səfərova,UAE,SME,2024-06-28,2025-03-26T14:29:06Z
C0759,Samir Musayev,Germany,Retail,2024-09-26,2025-05-12T04:20:49Z
C0760,Elçin İbrahimov,UAE,Retail,2023-10-22,2025-07-25T14:17:55Z
C0761,Aytən Qasımova,AZE,Retail,2024-03-06,2025-06-09T20:05:10Z
C0762,Emin Zeynalova, Georgia ,Retail,2023-08-02,2026-03-25T19:44:37Z
C0763,Aytən Kərimova,Kazakhstan,Retail,2023-07-30,2025-03-01T23:31:53Z
C0764,Aysel Hüseynova, Georgia ,Corporate,2025-07-05,2025-08-27T08:23:47Z
C0765,Vüsal Bağırov,azerbaijan,SME,2025-08-14,2026-03-15T19:37:16Z
C0766,Cavid Cəfərov,Azerbaijan,Retail,2024-05-09,2026-03-08T10:05:52Z
C0767,Vüsal Mahmudova,Azerbaijan,SME,2023-06-11,2026-01-10T16:51:40Z
C0768,Vüsal Abbasova,azerbaijan,Retail,2025-04-10,2025-05-06T00:26:25Z
C0769,Zeynəb Rəhimov,Azerbaijan,VIP,2025-12-13,2026-04-30T03:33:12Z
C0770,Elvin Vəliyeva,Azerbaijan,Retail,2025-05-15,2026-01-14T14:05:51Z
C0771,Türkan Hüseynova,Germany,Corporate,2024-08-28,2026-01-20T19:59:30Z
C0772,Emin Zeynalova,Germany,Corporate,2024-02-02,2026-01-15T21:21:45Z
C0773,Könül Quliyeva,Azerbaijan,Corporate,2023-06-05,2026-01-22T03:28:19Z
C0774,Türkan Quliyeva,Azerbaijan,Retail,2024-08-25,2026-05-30T06:07:11Z
C0775,Orxan Hüseynova,Turkiye,SME,2025-10-22,2026-05-23T14:59:45Z
C0776,Aynur Ağayev,Azerbaijan,Retail,2023-01-09,2025-05-25T08:52:08Z
C0777,Nərmin Məmmədov,Kazakhstan,Retail,2024-07-16,2025-04-10T07:26:13Z
C0778,Könül Abbasova,Germany,SME,2024-09-10,2025-12-21T13:33:12Z
C0779,Tural Bağırov,Azerbaijan,Retail,2024-08-07,2026-01-08T13:12:39Z
C0780,Aysel Mustafayeva,Turkiye,SME,2025-06-06,2025-11-27T04:58:48Z
C0781,Aynur Bağırov,Azerbaijan,Retail,2026-08-10,2026-08-20T19:34:04Z
C0782,Türkan İsmayılov,Azerbaijan,Corporate,2023-08-12,2024-05-19T16:06:33Z
C0783,Orxan Osmanova,azerbaijan,Retail,2026-06-13,2026-07-19T05:53:32Z
C0784,Orxan Kərimova,Kazakhstan,Retail,2025-01-18,2025-09-12T16:00:15Z
C0785,Zeynəb Şirinov,Türkiye,Retail,2025-09-01,2026-01-13T04:21:37Z
C0786,Rəşad Əliyeva,Georgia,Retail,2026-02-23,2026-06-29T22:47:00Z
C0787,Samir Hüseynova,UAE,Retail,2024-02-06,2024-12-02T03:23:37Z
C0788,Türkan Osmanova,Kazakhstan,SME,2023-07-15,2026-06-16T21:22:53Z
C0789,Nihat Ağayev,Türkiye,Retail,2025-02-08,2026-07-04T11:24:00Z
C0790,Fidan Hüseynova,Türkiye,Retail,2024-10-19,2025-10-31T10:11:42Z
C0791,Zeynəb Quliyeva,azerbaijan,SME,2023-01-10,2024-06-10T07:32:48Z
C0792,Cavid Quliyeva,Türkiye,Retail,2025-10-11,2025-11-25T06:41:56Z
C0793,Kamran Ağayev,Georgia,VIP,2026-01-09,2026-03-26T06:29:31Z
C0794,Tural Məmmədov,azerbaijan,Retail,2024-05-27,2025-01-24T07:50:39Z
C0795,Günel Musayev,Azerbaijan,Retail,2023-01-03,2023-04-26T06:31:36Z
C0796,Gülnar Musayev,azerbaijan,Retail,2024-02-03,2025-03-22T18:17:52Z
C0797,Nərmin Cəfərov,AZE,Retail,2025-05-03,2026-08-10T06:13:14Z
C0798,Elçin Rəhimov,Türkiye,SME,2024-12-13,2026-07-26T05:12:13Z
C0799,Tural Zeynalova,Azerbaijan,SME,2023-09-20,2026-05-01T23:54:46Z
C0800,Şəbnəm İsmayılov,Germany,Retail,2025-03-25,2025-09-02T17:24:59Z
